zahra,A,5,1322179200
zahra,B,2,1347926400
zahra,C,3,1322179200
zahra,D,1,1347926400
zahra,E,5,1322179200
zahra,F,2,1347926400
zahra,G,1,1322179200
zahra,H,1,1347926400
zahra,I,1,1322179200
zahra,J,3,1347926400
poorya,A,4,1358640000
poorya,B,5,1358640000
poorya,C,3,1358640000
poorya,D,2,1358640000
poorya,F,2,1358640000
poorya,E,2,1358640000
poorya,L,2,1358640000
maryam,A,4,1370390400
maryam,B,3,1405296000
maryam,C,3,1370390400
maryam,D,2,1405296000
maryam,E,1,1370390400
maryam,F,1,1405296000
maryam,K,5,1370390400
maryam,P,1,1405296000
Ali,A,5,1360713600
mohammad,A,3,1369008000
Amin,A,5,1361318400
Reza,A,5,1400889600
Fatemeh,A,4,1364860800
Ali,N,5,1360713600
mohammad,N,3,1369008000
Amin,N,5,1361318400
Reza,N,5,1400889600
Fatemeh,N,4,1364860800
Ali,M,5,1360713600
mohammad,M,3,1369008000
Amin,M,5,1361318400
Reza,M,5,1400889600
Fatemeh,M,4,1364860800
Ali,V,5,1360713600
Ali,G,1,1360713600
Ali,B,2,1360713600
Fatemeh,V,1,1364860800
Fatemeh,G,2,1364860800
Fatemeh,B,3,1364860800
Fatemeh,C,5,1364860800
Fatemeh,D,4,1364860800
Fatemeh,E,1,1364860800
Fatemeh,F,4,1364860800
Hani,A,5,1322179200
Hani,B,2,1347926400
Hani,C,3,1322179200
Hani,D,1,1347926400
Hani,E,5,1322179200
Hani,F,2,1347926400
azi,V,1,1364860800
azi,G,2,1364860800
azi,B,3,1364860800
azi,C,5,1364860800
azi,D,4,1364860800
mami,B,3,1405296000
mami,C,3,1370390400
mami,D,2,1405296000
mami,E,1,1370390400
mami,F,1,1405296000
dadi,D,2,1358640000
dadi,F,2,1358640000
dadi,E,2,1358640000
dadi,L,2,1358640000
me,V,5,1360713600
me,G,1,1360713600
me,B,2,1360713600